metric,value
total_cases,30
top1_accuracy,0.5666666666666667
AC@1,0.5666666666666667
AC@3,0.5666666666666667
AC@5,0.6
Avg@5,0.5733333333333334

service,correct,total,accuracy
adservice,0,9,0.0
cartservice,0,3,0.0
currencyservice,3,3,1.0
emailservice,14,15,0.9333333333333333
