metric,value
total_cases,30
top1_accuracy,0.6333333333333333
AC@1,0.6333333333333333
AC@3,0.6666666666666666
AC@5,0.6666666666666666
Avg@5,0.6599999999999999

service,correct,total,accuracy
adservice,0,9,0.0
cartservice,2,3,0.6666666666666666
currencyservice,3,3,1.0
emailservice,14,15,0.9333333333333333
