metric,value
total_cases,30
top1_accuracy,0.7666666666666667
AC@1,0.7666666666666667
AC@3,0.9666666666666667
AC@5,0.9666666666666667
Avg@5,0.9266666666666667

service,correct,total,accuracy
adservice,8,9,0.8888888888888888
cartservice,3,3,1.0
currencyservice,3,3,1.0
emailservice,9,15,0.6
